Bolag;Score;Storlek;Omsättning;Bransch;Plats;LinkedIn;Hemsida;Triggers;Nyheter;Jobbannonser;Hittad;Uppdaterad
Ework;6.2;201-500 employees;;Tech;;https://www.linkedin.com/company/ework;;"[""recruitment""]";[];[];2026-04-07T19:13:03+00:00;2026-04-07T19:13:03+00:00
Formpipe;6.0;201-500 employees;;Tech;Stockholm;https://www.linkedin.com/company/formpipe;;[];[];[];2026-04-07T19:13:03+00:00;2026-04-07T19:13:03+00:00
Wellfound wellfound.com › startups › location › stockholm Best Tech Companies and Startups in Stockholm, Sweden 2026;6.0;;;Tech;Stockholm;;https://wellfound.com;"[""growing"", ""growth"", ""hiring""]";[];"[""Wellfound wellfound.com \u203a startups \u203a location \u203a stockholm Best Tech Companies and Startups in Stockholm, Sweden 2026 | W""]";2026-04-07T19:13:03+00:00;2026-04-07T19:13:03+00:00
Cloud Nine;5.0;51-200 employees;;Cloud/Infrastructure;;https://www.linkedin.com/company/cloud-nine;;[];[];[];2026-04-07T19:13:03+00:00;2026-04-07T19:13:03+00:00
Stockholmfintech;4.8;;;Fintech;Stockholm;https://se.linkedin.com/company/stockholmfintech;;"[""growth""]";[];[];2026-04-07T19:13:03+00:00;2026-04-07T19:13:03+00:00
Indeed se.indeed.com › q-tech-recruiter-l-stockholm-jobb.html 50+ jobb som Tech Recruiter, anställning i Stockholm 27 februari 2026| Indeed;4.2;;;SaaS;Stockholm;;https://se.indeed.com;"[""growth"", ""hiring"", ""jobb""]";[];"[""Indeed se.indeed.com \u203a q-tech-recruiter-l-stockholm-jobb.html 50+ jobb som Tech Recruiter, anst\u00e4llning i Stockholm 27 fe""]";2026-04-07T19:13:03+00:00;2026-04-07T19:13:03+00:00
Snow Software Ab;4.0;;;Tech;Stockholm;https://www.linkedin.com/company/snow-software-ab;;[];[];[];2026-04-07T19:13:03+00:00;2026-04-07T19:13:03+00:00
Syncron;4.0;;;Tech;Stockholm;https://www.linkedin.com/company/syncron;;[];[];[];2026-04-07T19:13:03+00:00;2026-04-07T19:13:03+00:00
Swedish Medtech;4.0;;;Medtech;Stockholm;https://www.linkedin.com/company/swedish-medtech;;[];[];[];2026-04-07T19:13:03+00:00;2026-04-07T19:13:03+00:00
Embark Studios Ab;3.0;;;Tech;;https://www.linkedin.com/company/embark-studios-ab;;[];[];[];2026-04-07T19:13:03+00:00;2026-04-07T19:13:03+00:00
Knownis;3.0;;;Tech;;https://www.linkedin.com/company/knownis;;[];[];[];2026-04-07T19:13:03+00:00;2026-04-07T19:13:03+00:00
Cognitedata;3.0;;;SaaS;;https://www.linkedin.com/company/cognitedata;;[];[];[];2026-04-07T19:13:03+00:00;2026-04-07T19:13:03+00:00
Reputation Com;3.0;;;SaaS;;https://www.linkedin.com/company/reputation-com;;[];[];[];2026-04-07T19:13:03+00:00;2026-04-07T19:13:03+00:00
LinkedIn linkedin.com › in › ekstrom1 Christoffer Ekstrom - AI Medical Technology;2.5;;;AI;Stockholm;;;[];[];[];2026-04-07T19:13:03+00:00;2026-04-07T19:13:03+00:00
Glassdoor glassdoor.com › Explore › top-information-technology-companies-stockholm_ID.4,26_IDEPT1011_IL.37,46_IM1136.htm Top Companies Hiring for Information Technology Jobs in Stockholm;2.2;;;Tech;Stockholm;;https://www.glassdoor.com;"[""hiring""]";[];"[""Glassdoor glassdoor.com \u203a Explore \u203a top-information-technology-companies-stockholm_ID.4,26_IDEPT1011_IL.37,46_IM1136.htm""]";2026-04-07T19:13:03+00:00;2026-04-07T19:13:03+00:00
Lediga jobb;2.2;;;Tech;Stockholm;;;"[""jobb""]";[];"[""Lediga jobb - It Stockholm Jobb - IT""]";2026-04-07T19:13:03+00:00;2026-04-07T19:13:03+00:00
1 000+ jobb som IT, anställning i Stockholm 4 april 2026| Indeed;2.2;;;Tech;Stockholm;;https://se.indeed.com;"[""jobb""]";[];"[""1 000+ jobb som IT, anst\u00e4llning i Stockholm 4 april 2026| Indeed""]";2026-04-07T19:13:03+00:00;2026-04-07T19:13:03+00:00
glassdoor.com glassdoor.com › Job › stockholm-tech-jobs-SRCH_IL.0,9_IC3283253_KO10,14.htm 1218 tech Jobs in Stockholm, Stockholm, November 2025;2.2;;;Tech;Stockholm;;https://www.glassdoor.com;"[""hiring""]";[];"[""glassdoor.com glassdoor.com \u203a Job \u203a stockholm-tech-jobs-SRCH_IL.0,9_IC3283253_KO10,14.htm 1218 tech Jobs in Stockholm, S""]";2026-04-07T19:13:03+00:00;2026-04-07T19:13:03+00:00
glassdoor.com glassdoor.com › Job › stockholm-tech-recruiter-jobs-SRCH_IL.0,9_IC3283253_KO10,24.htm 64 tech recruiter Jobs in Stockholm, Stockholm, February 2026;2.2;;;Tech;Stockholm;;https://www.glassdoor.com;"[""hiring""]";[];"[""glassdoor.com glassdoor.com \u203a Job \u203a stockholm-tech-recruiter-jobs-SRCH_IL.0,9_IC3283253_KO10,24.htm 64 tech recruiter Jo""]";2026-04-07T19:13:03+00:00;2026-04-07T19:13:03+00:00
Stockholmbusinessalliance stockholmbusinessalliance.se › app › uploads › 2021 › 10 › StockholmFinTechGuide2021.pdf pdf Stockholm FinTech Guide Welcome to the city where innovation;1.8;;;Fintech;Stockholm;;https://stockholmbusinessalliance.se;"[""growth""]";[];[];2026-04-07T19:13:03+00:00;2026-04-07T19:13:03+00:00
Jobsinstockholm jobsinstockholm.com Jobs in Stockholm;1.0;;;SaaS;Stockholm;;https://jobsinstockholm.com;[];[];[];2026-04-07T19:13:03+00:00;2026-04-07T19:13:03+00:00
767 Information technology jobs in Stockholm, Stockholm;1.0;;;Tech;Stockholm;;https://www.glassdoor.com;[];[];[];2026-04-07T19:13:03+00:00;2026-04-07T19:13:03+00:00
Search Jobs;1.0;;;Tech;Stockholm;;https://www.themuse.com;[];[];[];2026-04-07T19:13:03+00:00;2026-04-07T19:13:03+00:00
AeroLeads aeroleads.com › home List of Saas Companies In Stockholms Lan In 2025;1.0;;;SaaS;Stockholm;;https://aeroleads.com;[];[];[];2026-04-07T19:13:03+00:00;2026-04-07T19:13:03+00:00
06:01 YouTube Passport to Payments: Stockholm Fintech;1.0;;;Fintech;Stockholm;;https://www.youtube.com;[];[];[];2026-04-07T19:13:03+00:00;2026-04-07T19:13:03+00:00
02:44 YouTube Finextra interviews Stockholm Fintech Hub;1.0;;;Fintech;Stockholm;;https://www.youtube.com;[];[];[];2026-04-07T19:13:03+00:00;2026-04-07T19:13:03+00:00
04:23 YouTube Stockholm Fintech Hub;1.0;;;Fintech;Stockholm;;https://www.youtube.com;[];[];[];2026-04-07T19:13:03+00:00;2026-04-07T19:13:03+00:00
